[
        {
            "question": "Кто победил в ВОВ?",
            "type": "radio",
            "name": "question1",
            "answers": [
                          {"text": "CCCР", "is_valid": true },
                          {"text": "США", "is_valid": false }
                       ]
        },
        {
            "question": "Есть ли бог на свете?",
            "type": "radio",
            "name": "question2",
            "answers": [
                          {"text": "Да", "is_valid": true },
                          {"text": "Нет", "is_valid": false },
                          {"text": "Наука не в курсе дела", "is_valid": false }
                       ]
        },

        {
            "question": "Любимое животное",
            "type": "checkbox",
            "name": "question3",
            "answers": [
                          {"text": "Кот" },
                          {"text": "Собака барабака"},
                          {"text": "Конь"}
                       ]
        },
		{
            "question": "Есть ли жизнь на Марсе?",
            "type": "select",
            "name": "question4",
            "answers": [
                          {"text": "Есть", "is_valid": false },
                          {"text": "Нет", "is_valid": false},
                          {"text": "Занимаюсь этим вопросом", "is_valid": true}
                       ]
        },
		{
            "question": "Мальчик заплатил за бутылку с пробкой 11 рублей. Бутылка стоит на 10 рублей больше, чем пробка. Сколько стоит пробка?",
            "type": "text",
            "name": "question5"
        }
]